[
    {
        "id": 1,
        "img": "assets/images/ecommerce/01.jpg",
        "name": "Casual T-Shirt",
        "note": "Simply dummy text of the printing",
        "discription": "It is a long established fact that a reader will be distracted by the readable content of a page when looking at its layout. The point of using Lorem Ipsum is that it has a more-or-less normal distribution of letters,It is a long established fact that a reader will be distracted by the readable content of a page when looking at its layout. The point of using Lorem Ipsum is that it has a more-or-less normal distribution of letters",
        "discountPrice": 350.00,
        "price": 100.00,
        "status": "none",
        "stock": "In stock",
        "review": "(250 review)",
        "category": "Men",
        "colors": [
            "White",
            "gray"
        ],
        "size": [
            "M",
            "L",
            "XL"
        ],
        "tags": [
            "Diesel",
            "Hudson",
            "Lee"
        ],
        "variants": [
            {
                "color": "white",
                "images": "assets/images/ecommerce/01.jpg"
            },
            {
                "color": "gray",
                "images": "assets/images/ecommerce/04.jpg"
            }
        ]
    },
    {
        "id": 2,
        "img": "assets/images/ecommerce/02.jpg",
        "name": "Fitted T-Shirt",
        "note": "Simply dummy text of the printing",
        "discription": "It is a long established fact that a reader will be distracted by the readable content of a page when looking at its layout. The point of using Lorem Ipsum is that it has a more-or-less normal distribution of letters,It is a long established fact that a reader will be distracted by the readable content of a page when looking at its layout. The point of using Lorem Ipsum is that it has a more-or-less normal distribution of letters",
        "discountPrice": 350.00,
        "price": 260.00,
        "status": "sale",
        "stock": "In stock",
        "review": "(250 review)",
        "category": "Men",
        "colors": [
            "green",
            "gray"
        ],
        "size": [
            "M",
            "L",
            "XL"
        ],
        "tags": [
            "Levi's",
            "Hudson",
            "Lee"
        ],
        "variants": [
            {
                "color": "green",
                "images": "assets/images/ecommerce/03.jpg"
            },
            {
                "color": "gray",
                "images": "assets/images/ecommerce/04.jpg"
            }
        ]
    },
    {
        "id": 3,
        "img": "assets/images/ecommerce/03.jpg",
        "name": "Half Sleeve",
        "note": "Simply dummy text of the printing",
        "discription": "It is a long established fact that a reader will be distracted by the readable content of a page when looking at its layout. The point of using Lorem Ipsum is that it has a more-or-less normal distribution of letters,It is a long established fact that a reader will be distracted by the readable content of a page when looking at its layout. The point of using Lorem Ipsum is that it has a more-or-less normal distribution of letters",
        "discountPrice": 350.00,
        "price": 360.00,
        "status": "none",
        "stock": "In stock",
        "review": "(250 review)",
        "category": "Men",
        "colors": [
            "White",
            "gray",
            "blue"
        ],
        "size": [
            "M",
            "L",
            "XL"
        ],
        "tags": [
            "Diesel",
            "Spykar",
            "Lee"
        ],
        "variants": [
            {
                "color": "White",
                "images": "assets/images/ecommerce/01.jpg"
            },
            {
                "color": "gray",
                "images": "assets/images/ecommerce/04.jpg"
            },
            {
                "color": "blue",
                "images": "assets/images/ecommerce/02.jpg"
            }
        ]
    },
    {
        "id": 4,
        "img": "assets/images/ecommerce/04.jpg",
        "name": "Cut Top Dress",
        "note": "Simply dummy text of the printing",
        "discription": "It is a long established fact that a reader will be distracted by the readable content of a page when looking at its layout. The point of using Lorem Ipsum is that it has a more-or-less normal distribution of letters,It is a long established fact that a reader will be distracted by the readable content of a page when looking at its layout. The point of using Lorem Ipsum is that it has a more-or-less normal distribution of letters",
        "discountPrice": 350.00,
        "price": 526.00,
        "status": "50%",
        "stock": "In stock",
        "review": "(250 review)",
        "category": "Women",
        "colors": [
            "red",
            "gray",
            "blue"
        ],
        "size": [
            "M",
            "L",
            "XL"
        ],
        "tags": [
            "Levi's",
            "Lee",
            "Hudson"
        ],
        "variants": [
            {
                "color": "red",
                "images": "assets/images/ecommerce/01.jpg"
            },
            {
                "color": "gray",
                "images": "assets/images/ecommerce/04.jpg"
            },
            {
                "color": "blue",
                "images": "assets/images/ecommerce/02.jpg"
            }
        ]
    },
    {
        "id": 5,
        "img": "assets/images/ecommerce/02.jpg",
        "name": "Fitted T-Shirt",
        "note": "Simply dummy text of the printing",
        "discription": "It is a long established fact that a reader will be distracted by the readable content of a page when looking at its layout. The point of using Lorem Ipsum is that it has a more-or-less normal distribution of letters,It is a long established fact that a reader will be distracted by the readable content of a page when looking at its layout. The point of using Lorem Ipsum is that it has a more-or-less normal distribution of letters",
        "discountPrice": 350.00,
        "price": 206.00,
        "status": "none",
        "stock": "In stock",
        "review": "(250 review)",
        "category": "Men",
        "colors": [
            "green",
            "gray",
            "blue"
        ],
        "size": [
            "M",
            "L",
            "XL"
        ],
        "tags": [
            "Denizen",
            "Diesel",
            "Spykar"
        ],
        "variants": [
            {
                "color": "green",
                "images": "assets/images/ecommerce/01.jpg"
            },
            {
                "color": "gray",
                "images": "assets/images/ecommerce/04.jpg"
            },
            {
                "color": "blue",
                "images": "assets/images/ecommerce/02.jpg"
            }
        ]
    },
    {
        "id": 6,
        "img": "assets/images/ecommerce/03.jpg",
        "name": "Half Sleeve",
        "note": "Simply dummy text of the printing",
        "discription": "It is a long established fact that a reader will be distracted by the readable content of a page when looking at its layout. The point of using Lorem Ipsum is that it has a more-or-less normal distribution of letters,It is a long established fact that a reader will be distracted by the readable content of a page when looking at its layout. The point of using Lorem Ipsum is that it has a more-or-less normal distribution of letters",
        "discountPrice": 350.00,
        "price": 926.00,
        "status": "gift",
        "stock": "In stock",
        "review": "(250 review)",
        "category": "Men",
        "colors": [
            "purple",
            "orange",
            "blue"
        ],
        "size": [
            "M",
            "L",
            "XL"
        ],
        "tags": [
            "Lee",
            "Lifestyle",
            "Nike"
        ],
        "variants": [
            {
                "color": "orange",
                "images": "assets/images/ecommerce/01.jpg"
            },
            {
                "color": "purple",
                "images": "assets/images/ecommerce/04.jpg"
            },
            {
                "color": "blue",
                "images": "assets/images/ecommerce/02.jpg"
            }
        ]
    },
    {
        "id": 7,
        "img": "assets/images/ecommerce/01.jpg",
        "name": "Casual T-Shirt",
        "note": "Simply dummy text of the printing",
        "discription": "It is a long established fact that a reader will be distracted by the readable content of a page when looking at its layout. The point of using Lorem Ipsum is that it has a more-or-less normal distribution of letters,It is a long established fact that a reader will be distracted by the readable content of a page when looking at its layout. The point of using Lorem Ipsum is that it has a more-or-less normal distribution of letters",
        "discountPrice": 350.00,
        "price": 1000.00,
        "status": "none",
        "stock": "In stock",
        "review": "(250 review)",
        "category": "Men",
        "colors": [
            "orange",
            "pink",
            "blue"
        ],
        "size": [
            "M",
            "L",
            "XL"
        ],
        "tags": [
            "Lee"
        ],
        "variants": [
            {
                "color": "orange",
                "images": "assets/images/ecommerce/01.jpg"
            },
            {
                "color": "pink",
                "images": "assets/images/ecommerce/04.jpg"
            },
            {
                "color": "blue",
                "images": "assets/images/ecommerce/02.jpg"
            }
        ]
    },
    {
        "id": 8,
        "img": "assets/images/ecommerce/03.jpg",
        "name": "Half Sleeve",
        "note": "Simply dummy text of the printing",
        "discription": "It is a long established fact that a reader will be distracted by the readable content of a page when looking at its layout. The point of using Lorem Ipsum is that it has a more-or-less normal distribution of letters,It is a long established fact that a reader will be distracted by the readable content of a page when looking at its layout. The point of using Lorem Ipsum is that it has a more-or-less normal distribution of letters",
        "discountPrice": 350.00,
        "price": 500.00,
        "status": "none",
        "stock": "In stock",
        "review": "(250 review)",
        "category": "Men",
        "colors": [
            "purple",
            "pink",
            "blue"
        ],
        "size": [
            "M",
            "L",
            "XL"
        ],
        "tags": [
            "Hudson",
            "Lee"
        ],
        "variants": [
            {
                "color": "purple",
                "images": "assets/images/ecommerce/01.jpg"
            },
            {
                "color": "pink",
                "images": "assets/images/ecommerce/04.jpg"
            },
            {
                "color": "blue",
                "images": "assets/images/ecommerce/02.jpg"
            }
        ]
    },
    {
        "id": 9,
        "img": "assets/images/ecommerce/03.jpg",
        "name": "Half Sleeve",
        "note": "Simply dummy text of the printing",
        "discription": "It is a long established fact that a reader will be distracted by the readable content of a page when looking at its layout. The point of using Lorem Ipsum is that it has a more-or-less normal distribution of letters,It is a long established fact that a reader will be distracted by the readable content of a page when looking at its layout. The point of using Lorem Ipsum is that it has a more-or-less normal distribution of letters",
        "discountPrice": 350.00,
        "price": 826.00,
        "status": "none",
        "stock": "In stock",
        "review": "(250 review)",
        "category": "Men",
        "colors": [
            "White",
            "pink",
            "blue"
        ],
        "size": [
            "M",
            "L",
            "XL"
        ],
        "tags": [
            "Spykar"
        ],
        "variants": [
            {
                "color": "White",
                "images": "assets/images/ecommerce/01.jpg"
            },
            {
                "color": "pink",
                "images": "assets/images/ecommerce/04.jpg"
            },
            {
                "color": "blue",
                "images": "assets/images/ecommerce/02.jpg"
            }
        ]
    },
    {
        "id": 10,
        "img": "assets/images/ecommerce/04.jpg",
        "name": "Cut Top Dress",
        "note": "Simply dummy text of the printing",
        "discription": "It is a long established fact that a reader will be distracted by the readable content of a page when looking at its layout. The point of using Lorem Ipsum is that it has a more-or-less normal distribution of letters,It is a long established fact that a reader will be distracted by the readable content of a page when looking at its layout. The point of using Lorem Ipsum is that it has a more-or-less normal distribution of letters",
        "discountPrice": 350.00,
        "price": 726.00,
        "status": "none",
        "stock": "In stock",
        "review": "(250 review)",
        "category": "Men",
        "colors": [
            "White",
            "pink",
            "blue"
        ],
        "size": [
            "M",
            "L",
            "XL"
        ],
        "tags": [
            "Hudson",
            "Spykar"
        ],
        "variants": [
            {
                "color": "White",
                "images": "assets/images/ecommerce/01.jpg"
            },
            {
                "color": "pink",
                "images": "assets/images/ecommerce/04.jpg"
            },
            {
                "color": "blue",
                "images": "assets/images/ecommerce/02.jpg"
            }
        ]
    },
    {
        "id": 11,
        "img": "assets/images/ecommerce/02.jpg",
        "name": "Fitted T-Shirt",
        "note": "Simply dummy text of the printing",
        "discription": "It is a long established fact that a reader will be distracted by the readable content of a page when looking at its layout. The point of using Lorem Ipsum is that it has a more-or-less normal distribution of letters,It is a long established fact that a reader will be distracted by the readable content of a page when looking at its layout. The point of using Lorem Ipsum is that it has a more-or-less normal distribution of letters",
        "discountPrice": 350.00,
        "price": 426.00,
        "status": "none",
        "stock": "In stock",
        "review": "(250 review)",
        "category": "Men",
        "colors": [
            "White",
            "pink",
            "blue"
        ],
        "size": [
            "M",
            "L",
            "XL"
        ],
        "tags": [
            "Diesel",
            "Hudson",
            "Lee"
        ],
        "variants": [
            {
                "color": "White",
                "images": "assets/images/ecommerce/01.jpg"
            },
            {
                "color": "pink",
                "images": "assets/images/ecommerce/04.jpg"
            },
            {
                "color": "blue",
                "images": "assets/images/ecommerce/02.jpg"
            }
        ]
    },
    {
        "id": 12,
        "img": "assets/images/ecommerce/03.jpg",
        "name": "Half Sleeve",
        "note": "Simply dummy text of the printing",
        "discription": "It is a long established fact that a reader will be distracted by the readable content of a page when looking at its layout. The point of using Lorem Ipsum is that it has a more-or-less normal distribution of letters,It is a long established fact that a reader will be distracted by the readable content of a page when looking at its layout. The point of using Lorem Ipsum is that it has a more-or-less normal distribution of letters",
        "discountPrice": 350.00,
        "price": 626.00,
        "status": "none",
        "stock": "In stock",
        "review": "(250 review)",
        "category": "Men",
        "colors": [
            "White",
            "pink",
            "blue"
        ],
        "size": [
            "M",
            "L",
            "XL"
        ],
        "tags": [
            "Diesel",
            "Hudson",
            "Lee"
        ],
        "variants": [
            {
                "color": "White",
                "images": "assets/images/ecommerce/01.jpg"
            },
            {
                "color": "pink",
                "images": "assets/images/ecommerce/04.jpg"
            },
            {
                "color": "blue",
                "images": "assets/images/ecommerce/02.jpg"
            }
        ]
    },
    {
        "id": 13,
        "img": "assets/images/ecommerce/02.jpg",
        "name": "Fitted T-Shirt",
        "note": "Simply dummy text of the printing",
        "discription": "It is a long established fact that a reader will be distracted by the readable content of a page when looking at its layout. The point of using Lorem Ipsum is that it has a more-or-less normal distribution of letters,It is a long established fact that a reader will be distracted by the readable content of a page when looking at its layout. The point of using Lorem Ipsum is that it has a more-or-less normal distribution of letters",
        "discountPrice": 350.00,
        "price": 450.00,
        "status": "love",
        "stock": "In stock",
        "review": "(250 review)",
        "category": "Men",
        "colors": [
            "White",
            "pink",
            "blue"
        ],
        "size": [
            "M",
            "L",
            "XL"
        ],
        "tags": [
            "Diesel",
            "Hudson",
            "Lee"
        ],
        "variants": [
            {
                "color": "White",
                "images": "assets/images/ecommerce/01.jpg"
            },
            {
                "color": "pink",
                "images": "assets/images/ecommerce/04.jpg"
            },
            {
                "color": "blue",
                "images": "assets/images/ecommerce/02.jpg"
            }
        ]
    },
    {
        "id": 14,
        "img": "assets/images/ecommerce/03.jpg",
        "name": "Half Sleeve",
        "note": "Simply dummy text of the printing",
        "discription": "It is a long established fact that a reader will be distracted by the readable content of a page when looking at its layout. The point of using Lorem Ipsum is that it has a more-or-less normal distribution of letters,It is a long established fact that a reader will be distracted by the readable content of a page when looking at its layout. The point of using Lorem Ipsum is that it has a more-or-less normal distribution of letters",
        "discountPrice": 350.00,
        "price": 26.00,
        "status": "none",
        "stock": "In stock",
        "review": "(250 review)",
        "category": "Men",
        "colors": [
            "White",
            "blue",
            "yellow"
        ],
        "size": [
            "M",
            "L",
            "XL"
        ],
        "tags": [
            "Diesel",
            "Lee"
        ],
        "variants": [
            {
                "color": "White",
                "images": "assets/images/ecommerce/01.jpg"
            },
            {
                "color": "blue",
                "images": "assets/images/ecommerce/04.jpg"
            },
            {
                "color": "yellow",
                "images": "assets/images/ecommerce/02.jpg"
            }
        ]
    },
    {
        "id": 15,
        "img": "assets/images/ecommerce/04.jpg",
        "name": "Cut Top Dress",
        "note": "Simply dummy text of the printing",
        "discription": "It is a long established fact that a reader will be distracted by the readable content of a page when looking at its layout. The point of using Lorem Ipsum is that it has a more-or-less normal distribution of letters,It is a long established fact that a reader will be distracted by the readable content of a page when looking at its layout. The point of using Lorem Ipsum is that it has a more-or-less normal distribution of letters",
        "discountPrice": 350.00,
        "price": 26.00,
        "status": "Hot",
        "stock": "In stock",
        "review": "(250 review)",
        "category": "Women",
        "colors": [
            "black",
            "blue",
            "yellow"
        ],
        "size": [
            "M",
            "L",
            "XL"
        ],
        "tags": [
            "Lee"
        ],
        "variants": [
            {
                "color": "black",
                "images": "assets/images/ecommerce/01.jpg"
            },
            {
                "color": "blue",
                "images": "assets/images/ecommerce/04.jpg"
            },
            {
                "color": "yellow",
                "images": "assets/images/ecommerce/02.jpg"
            }
        ]
    },
    {
        "id": 16,
        "img": "assets/images/ecommerce/02.jpg",
        "name": "Fitted T-Shirt",
        "note": "Simply dummy text of the printing",
        "discription": "It is a long established fact that a reader will be distracted by the readable content of a page when looking at its layout. The point of using Lorem Ipsum is that it has a more-or-less normal distribution of letters,It is a long established fact that a reader will be distracted by the readable content of a page when looking at its layout. The point of using Lorem Ipsum is that it has a more-or-less normal distribution of letters",
        "discountPrice": 350.00,
        "price": 550.00,
        "status": "none",
        "stock": "Out of stock",
        "review": "(250 review)",
        "category": "Men",
        "colors": [
            "black",
            "pink",
            "yellow"
        ],
        "size": [
            "M",
            "L",
            "XL"
        ],
        "tags": [
            "Hudson"
        ],
        "variants": [
            {
                "color": "black",
                "images": "assets/images/ecommerce/01.jpg"
            },
            {
                "color": "pink",
                "images": "assets/images/ecommerce/04.jpg"
            },
            {
                "color": "yellow",
                "images": "assets/images/ecommerce/02.jpg"
            }
        ]
    },
    {
        "id": 17,
        "img": "assets/images/ecommerce/03.jpg",
        "name": "Half Sleeve",
        "note": "Simply dummy text of the printing",
        "discription": "It is a long established fact that a reader will be distracted by the readable content of a page when looking at its layout. The point of using Lorem Ipsum is that it has a more-or-less normal distribution of letters,It is a long established fact that a reader will be distracted by the readable content of a page when looking at its layout. The point of using Lorem Ipsum is that it has a more-or-less normal distribution of letters",
        "discountPrice": 350.00,
        "price": 550.00,
        "status": "none",
        "stock": "Out of stock",
        "review": "(250 review)",
        "category": "Men",
        "colors": [
            "black",
            "pink",
            "yellow"
        ],
        "size": [
            "M",
            "L",
            "XL"
        ],
        "tags": [
            "Lee"
        ],
        "variants": [
            {
                "color": "black",
                "images": "assets/images/ecommerce/01.jpg"
            },
            {
                "color": "pink",
                "images": "assets/images/ecommerce/04.jpg"
            },
            {
                "color": "yellow",
                "images": "assets/images/ecommerce/02.jpg"
            }
        ]
    },
    {
        "id": 18,
        "img": "assets/images/ecommerce/01.jpg",
        "name": "Casual T-Shirt",
        "note": "Simply dummy text of the printing",
        "discription": "It is a long established fact that a reader will be distracted by the readable content of a page when looking at its layout. The point of using Lorem Ipsum is that it has a more-or-less normal distribution of letters,It is a long established fact that a reader will be distracted by the readable content of a page when looking at its layout. The point of using Lorem Ipsum is that it has a more-or-less normal distribution of letters",
        "discountPrice": 350.00,
        "price": 550.00,
        "status": "none",
        "stock": "Out of stock",
        "review": "(250 review)",
        "category": "Men",
        "colors": [
            "black",
            "pink",
            "yellow"
        ],
        "size": [
            "M",
            "L",
            "XL"
        ],
        "tags": [
            "Diesel",
            "Hudson",
            "Lee"
        ],
        "variants": [
            {
                "color": "black",
                "images": "assets/images/ecommerce/01.jpg"
            },
            {
                "color": "pink",
                "images": "assets/images/ecommerce/04.jpg"
            },
            {
                "color": "yellow",
                "images": "assets/images/ecommerce/02.jpg"
            }
        ]
    },
    {
        "id": 19,
        "img": "assets/images/ecommerce/03.jpg",
        "name": "Half Sleeve",
        "note": "Simply dummy text of the printing",
        "discription": "It is a long established fact that a reader will be distracted by the readable content of a page when looking at its layout. The point of using Lorem Ipsum is that it has a more-or-less normal distribution of letters,It is a long established fact that a reader will be distracted by the readable content of a page when looking at its layout. The point of using Lorem Ipsum is that it has a more-or-less normal distribution of letters",
        "discountPrice": 350.00,
        "price": 550.00,
        "status": "none",
        "stock": "In stock",
        "review": "(250 review)",
        "category": "Men",
        "colors": [
            "red",
            "pink",
            "blue"
        ],
        "size": [
            "M",
            "L",
            "XL"
        ],
        "tags": [
            "Denizen",
            "Levi's"
        ],
        "variants": [
            {
                "color": "red",
                "images": "assets/images/ecommerce/01.jpg"
            },
            {
                "color": "pink",
                "images": "assets/images/ecommerce/04.jpg"
            },
            {
                "color": "blue",
                "images": "assets/images/ecommerce/02.jpg"
            }
        ]
    },
    {
        "id": 20,
        "img": "assets/images/ecommerce/03.jpg",
        "name": "Half Sleeve",
        "note": "Simply dummy text of the printing",
        "discription": "It is a long established fact that a reader will be distracted by the readable content of a page when looking at its layout. The point of using Lorem Ipsum is that it has a more-or-less normal distribution of letters,It is a long established fact that a reader will be distracted by the readable content of a page when looking at its layout. The point of using Lorem Ipsum is that it has a more-or-less normal distribution of letters",
        "discountPrice": 350.00,
        "price": 550.00,
        "status": "none",
        "stock": "Out of stock",
        "review": "(250 review)",
        "category": "Men",
        "colors": [
            "gray",
            "pink",
            "yellow"
        ],
        "size": [
            "M",
            "L",
            "XL"
        ],
        "tags": [
            "Lee"
        ],
        "variants": [
            {
                "color": "gray",
                "images": "assets/images/ecommerce/01.jpg"
            },
            {
                "color": "pink",
                "images": "assets/images/ecommerce/04.jpg"
            },
            {
                "color": "yellow",
                "images": "assets/images/ecommerce/02.jpg"
            }
        ]
    },
    {
        "id": 21,
        "img": "assets/images/ecommerce/04.jpg",
        "name": "Cut Top Dress",
        "note": "Simply dummy text of the printing",
        "discription": "It is a long established fact that a reader will be distracted by the readable content of a page when looking at its layout. The point of using Lorem Ipsum is that it has a more-or-less normal distribution of letters,It is a long established fact that a reader will be distracted by the readable content of a page when looking at its layout. The point of using Lorem Ipsum is that it has a more-or-less normal distribution of letters",
        "discountPrice": 350.00,
        "price": 550.00,
        "status": "none",
        "stock": "Out of stock",
        "review": "(250 review)",
        "category": "Women",
        "colors": [
            "black",
            "pink",
            "blue"
        ],
        "size": [
            "M",
            "L",
            "XL"
        ],
        "tags": [
            "Lee"
        ],
        "variants": [
            {
                "color": "black",
                "images": "assets/images/ecommerce/01.jpg"
            },
            {
                "color": "pink",
                "images": "assets/images/ecommerce/04.jpg"
            },
            {
                "color": "blue",
                "images": "assets/images/ecommerce/02.jpg"
            }
        ]
    },
    {
        "id": 22,
        "img": "assets/images/ecommerce/02.jpg",
        "name": "Fitted T-Shirt",
        "note": "Simply dummy text of the printing",
        "discription": "It is a long established fact that a reader will be distracted by the readable content of a page when looking at its layout. The point of using Lorem Ipsum is that it has a more-or-less normal distribution of letters,It is a long established fact that a reader will be distracted by the readable content of a page when looking at its layout. The point of using Lorem Ipsum is that it has a more-or-less normal distribution of letters",
        "discountPrice": 350.00,
        "price": 550.00,
        "status": "none",
        "stock": "Out of stock",
        "review": "(250 review)",
        "category": "Men",
        "colors": [
            "black",
            "pink",
            "red"
        ],
        "size": [
            "M",
            "L",
            "XL"
        ],
        "tags": [
            "Denizen",
            "Spykar"
        ],
        "variants": [
            {
                "color": "black",
                "images": "assets/images/ecommerce/01.jpg"
            },
            {
                "color": "pink",
                "images": "assets/images/ecommerce/04.jpg"
            },
            {
                "color": "red",
                "images": "assets/images/ecommerce/02.jpg"
            }
        ]
    },
    {
        "id": 23,
        "img": "assets/images/ecommerce/03.jpg",
        "name": "Half Sleeve",
        "note": "Simply dummy text of the printing",
        "discription": "It is a long established fact that a reader will be distracted by the readable content of a page when looking at its layout. The point of using Lorem Ipsum is that it has a more-or-less normal distribution of letters,It is a long established fact that a reader will be distracted by the readable content of a page when looking at its layout. The point of using Lorem Ipsum is that it has a more-or-less normal distribution of letters",
        "discountPrice": 350.00,
        "price": 550.00,
        "status": "none",
        "stock": "In stock",
        "review": "(250 review)",
        "category": "Men",
        "colors": [
            "black",
            "pink",
            "red"
        ],
        "size": [
            "M",
            "L",
            "XL"
        ],
        "tags": [
            "Diesel"
        ],
        "variants": [
            {
                "color": "black",
                "images": "assets/images/ecommerce/01.jpg"
            },
            {
                "color": "pink",
                "images": "assets/images/ecommerce/04.jpg"
            },
            {
                "color": "red",
                "images": "assets/images/ecommerce/02.jpg"
            }
        ]
    },
    {
        "id": 24,
        "img": "assets/images/ecommerce/03.jpg",
        "name": "Half Sleeve",
        "note": "Simply dummy text of the printing",
        "discription": "It is a long established fact that a reader will be distracted by the readable content of a page when looking at its layout. The point of using Lorem Ipsum is that it has a more-or-less normal distribution of letters,It is a long established fact that a reader will be distracted by the readable content of a page when looking at its layout. The point of using Lorem Ipsum is that it has a more-or-less normal distribution of letters",
        "discountPrice": 350.00,
        "price": 550.00,
        "status": "none",
        "stock": "In stock",
        "review": "(250 review)",
        "category": "Men",
        "colors": [
            "black",
            "pink",
            "red",
            "gray"
        ],
        "size": [
            "M",
            "L",
            "XL"
        ],
        "tags": [
            "Nike",
            "Caprese",
            "Lee"
        ],
        "variants": [
            {
                "color": "black",
                "images": "assets/images/ecommerce/01.jpg"
            },
            {
                "color": "pink",
                "images": "assets/images/ecommerce/04.jpg"
            },
            {
                "color": "red",
                "images": "assets/images/ecommerce/02.jpg"
            },
            {
                "color": "gray",
                "images": "assets/images/ecommerce/02.jpg"
            }
        ]
    }
]
